category,a,b,c
Information Request,Other,Other,Other
Cyclepath Query,Street Furniture,Street Furniture,Road Safety & Defects
Broken Grit Bin,Grit Bins,Gritting,Road Safety & Defects
Damage to kerb,Pavement /Footway Defects,Right of Way,Access
Carriageway Defect,Road Surface Defects,Road Surface Defects,Road Safety & Defects
Grass Cutting on a public right of way,Grass/Weed Control,Right of Way,Access
Street Light On During the Day,Street Lights,Street Lights,Road Safety & Defects
Flooded Property,Flooding,Drainage,Environmental Health
Invasive weeds,Grass/Weed Control,,
Rubbish or fly tipping on the roads,Fly-tipping,Rubbish,Environmental Health
Sign/Pole Damaged,Street Signs,Road Safety,Road Safety & Defects
Fallen Tree,Fallen/Dangerous Trees,Overgrown/Fallen Veg/Trees,Environmental Disruptions
Sweeping & Cleansing Hazard,Obstruction,Right of Way,Access
Pothole / Surface Defect,Potholes,Road Surface Defects,Road Safety & Defects
Seats and benches,Bus Stops Damage,Bus Stops Damage,Environmental Disruptions
Dead Animals,Dead Animals,Environmental Health,Environmental Health
Bridge,Bridge/Culvert Defects,Bridge/Culvert Defects,Environmental Disruptions
Rights of Way,Right of Way,Right of Way,Access
Countryside Paths / Public Rights of Way (usually not tarmac),Pavement /Footway Defects,Right of Way,Access
Verges,Verge Damage,Road Safety,Road Safety & Defects
Single pothole (more than 30cm wide and,Potholes,Road Surface Defects,Road Safety & Defects
Zebra crossing/ belisha faulty,Road Markings,Road Safety,Road Safety & Defects
Overhanging vegetation,Overgrown Vegetation,Overgrown/Fallen Veg/Trees,Environmental Disruptions
Environmental health,Environmental Health,Environmental Health,Environmental Health
Damaged/Exposed Wiring / Vandalised,Other,Other,Other
Noise or Vibration,Road/Pavement Defects,Road Surface Defects,Road Safety & Defects
Spillage On Project Network,Spillage on Road,Rubbish,Environmental Health
Lamp: Outage (Single Unit),Street Lights,Street Lights,Road Safety & Defects
Tree/branch - fallen,Fallen/Dangerous Trees,Overgrown/Fallen Veg/Trees,Environmental Disruptions
Permanent,Street Signs,Road Safety,Road Safety & Defects
Blocked drain surface,Blocked Drains,Drainage,Environmental Health
Damaged/Loose,Road Surface Defects,Road Surface Defects,Road Safety & Defects
Roads/highways,Highway Condition,Highways Enquiries,Road Safety & Defects
Light On During The Day,Street Lights,Street Lights,Road Safety & Defects
"Street Light - Equipment damaged, pole leaning",Street Lights,Street Lights,Road Safety & Defects
Dog Bin,Dog Litter Bin,Bin Replacement,Environmental Health
Broken Flags/Kerbs,Broken Kerbs,Other,Environmental Disruptions
"Bridge, Subway or Culvert on a public ri",Bridge/Culvert Defects,Bridge/Culvert Defects,Environmental Disruptions
Low branches,Fallen/Dangerous Trees,Overgrown/Fallen Veg/Trees,Environmental Disruptions
Missing,Manhole Covers,Drainage,Environmental Health
Objects in the road,Obstruction,Right of Way,Access
Shopping Trolley,Shopping Trolley,Incivilities,Incivilities
Roads and pavement surfaces - Overhanging vegetation,Overgrown Vegetation,Overgrown/Fallen Veg/Trees,Environmental Disruptions
Noise nuisance,Noise,Incivilities,Incivilities
Pothole / Failed Reinstatement,Potholes,Road Surface Defects,Road Safety & Defects
Grass cutting query,Grass/Weed Control,Overgrown/Fallen Veg/Trees,Environmental Disruptions
Blocked  Drains,Blocked Drains,Drainage,Environmental Health
Signal Failure all out,Street Signs,Road Safety,Road Safety & Defects
Bridges,Bridge/Culvert Defects,Bridge/Culvert Defects,Environmental Disruptions
Refuse - Missed Collection,Missed Bin Collection,Rubbish,Environmental Health
Obstruction or hazard on road,Obstruction,Right of Way,Access
Road markings faded/missing,Road Markings,Road Safety,Road Safety & Defects
Street cleaning,Street Cleaning,Rubbish,Environmental Health
Skip on road/verge,Skips,Road Safety,Road Safety & Defects
Wheel tracks or ruts,Open Spaces/Parks,Open Spaces/Parks,Public Space
Street cleansing,Street Cleaning,Street Furniture,Environmental Health
Lamp Dim,Street Lights,Street Lights,Road Safety & Defects
Missing Number,Other,Other,Other
Lines and Markings (Council Car Park),Road Markings,Road Safety,Road Safety & Defects
Street Lights,Street Lights,Street Lights,Road Safety & Defects
Tree Branches Overhanging,Fallen/Dangerous Trees,Overgrown/Fallen Veg/Trees,Environmental Disruptions
Smell,Vehicle Access,Right of Way,Access
Highway Drainage or Flooding,Highway Drainage,Drainage,Environmental Health
Trees & Hedges,Fallen/Dangerous Trees,Overgrown/Fallen Veg/Trees,Environmental Disruptions
Traffic lights,Traffic Lights,Road Safety,Road Safety & Defects
Utility Works and Manhole Covers (Streetworks),Utility Works,Utility Works,Environmental Disruptions
Litter Bin Overflowing,Litter/Litter Bin,Rubbish,Environmental Health
Public toilet,Public Toilets,Public Toilets,Access
Tree or Shrub on a public right of way,Trees on RoW,Right of Way,Access
Utility Works and Manhole Covers (Street,Utility Works,Utility Works,Environmental Disruptions
Signal head turned around,Road Markings,Road Safety,Road Safety & Defects
Bench/cycle rack/litter bin/planter,Benches/Bicycle Racks,Street Furniture,Environmental Disruptions
Graffiti on bridges/subways,Graffiti,Incivilities,Incivilities
Car parking issues,Parking,Parking,Abandoned Vehicles & Parking
Light in multi-storey car park,Street Lights,Street Lights,Road Safety & Defects
Workmanship,Other,Other,Other
Damaged / Missing / Facing Wrong Way,Street Signs,Road Safety,Road Safety & Defects
Traffic light,Traffic Lights,Road Safety,Road Safety & Defects
Street Nameplate,Street Name Plates,Street Furniture,Environmental Disruptions
Obscured by vegetation or Dirty,Obstruction,Right of Way,Access
Problem with moths,Overgrown Vegetation,Overgrown/Fallen Veg/Trees,Environmental Disruptions
Litter Bin,Litter/Litter Bin,Rubbish,Environmental Health
Accidents,Other,Other,Other
Problem at other roadworks,Road Works,Grounds Maintenance,Road Safety & Defects
Bus Shelters,Bus Stops Damage,Bus Stops Damage,Environmental Disruptions
Development Proposal/ advice,Other,Other,Other
Bad Parking,Parking,Parking,Abandoned Vehicles & Parking
Damage to property caused by works,Road Works,Grounds Maintenance,Road Safety & Defects
Fence Damage/Missing No Hazard,Fences,Fences,Environmental Disruptions
Light in park or open space,Street Lights,Street Lights,Road Safety & Defects
Pavement and Cycle path,Right of Way,Right of Way,Access
Street light on during the day,Street Lights,Street Lights,Road Safety & Defects
Damage - other (bus stops and shelters),Bus Stops Damage,Bus Stops Damage,Environmental Disruptions
Flooding or standing water on road,Flooding,Drainage,Environmental Health
On-street parking,Parking,Parking,Abandoned Vehicles & Parking
Dead animal on a road or footpath,Dead Animals,Environmental Health,Environmental Health
Fallen branch,Fallen/Dangerous Trees,Overgrown/Fallen Veg/Trees,Environmental Disruptions
Traffic light / crossing - button/beep/lamp,Traffic Lights,Road Safety,Road Safety & Defects
Overhanging Trees,Overgrown Vegetation,Overgrown/Fallen Veg/Trees,Environmental Disruptions
Sign (lit),Road Markings,Road Safety,Road Safety & Defects
Road Markings,Road Markings,Road Safety,Road Safety & Defects
Loose chippings,Pavement /Footway Defects,Road Surface Defects,Road Safety & Defects
Bus stop damage,Bus Stops Damage,Bus Stops Damage,Environmental Disruptions
Emergency - Hanging branch,Fallen/Dangerous Trees,Overgrown/Fallen Veg/Trees,Road Safety & Defects
Damage: Pedestrian Barrier,Street Furniture,Road Safety,Road Safety & Defects
Street lighting (on adopted highways),Street Lights,Street Lights,Road Safety & Defects
Roadworks,Road Works,Grounds Maintenance,Road Safety & Defects
Problem with fungi,Overgrown Vegetation,Overgrown/Fallen Veg/Trees,Environmental Disruptions
Domestic Waste - Missed Collection,Missed Bin Collection,Rubbish,Environmental Health
Broken manhole cover,Manhole Defects,Drainage,Environmental Health
Damage to pavement,Pavement /Footway Defects,Road Surface Defects,Road Safety & Defects
Dog Fouling,Dog Fouling,Dog Fouling,Environmental Health
Motorways Defects,Highway Condition,Road Surface Defects,Road Safety & Defects
Shelter/Seat,Bus Stops Damage,Bus Stops Damage,Environmental Disruptions
Illegal posters,Flyposting,Incivilities,Incivilities
Bad smell,Other,Other,Other
Lewisham Homes,Lewisham Homes,Other,Other
Vehicles for sale on the public road,Other,Other,Other
Hedges / trees on rights of way,Trees and Hedges RoW,Right of Way,Access
Street,Street Cleaning,Rubbish,Environmental Health
Bus stops and shelters,Bus Stops Damage,Bus Stops Damage,Environmental Disruptions
On Street Parking,Parking,Parking,Abandoned Vehicles & Parking
Recycling (household waste),Recycling,Rubbish,Environmental Health
Tree Or Shrub on a public right of way,Trees on RoW,Right of Way,Access
Foul water/sewage on Highway,Blocked Drains,Drainage,Environmental Health
When Is The Next Cut Due,Grass/Weed Control,Overgrown/Fallen Veg/Trees,Other
Public right of way - problem with access or damage,Right of Way,Right of Way,Access
Public Conveniences,Public Toilets,Public Toilets,Public Space
Non-Parking related road markings,Road Markings,Road Safety,Road Safety & Defects
Single pothole (less than 30cm wide and,Street Signs,Road Surface Defects,Road Safety & Defects
Light blocked,Street Lights,Street Lights,Road Safety & Defects
Litter On Road/Street Cleaning,Litter/Litter Bin,Rubbish,Environmental Health
Weed problem on the highway,Grass/Weed Control,Overgrown/Fallen Veg/Trees,Environmental Disruptions
Flooding,Flooding,Drainage,Environmental Health
Lamp Out,Street Lights,Street Lights,Road Safety & Defects
Animal Nuisance,Dead Animals,Environmental Health,Environmental Health
Flyposting,Flyposting,Incivilities,Incivilities
CP Ticket Machine NonHazard,Other,Other,Other
Tree/Branch Fallen Non Hazard,Overgrown Vegetation,Overgrown/Fallen Veg/Trees,Environmental Disruptions
Sunken Drain,Manhole Covers,Drainage,Environmental Health
Footpath / pavement problem,Pavement /Footway Defects,Road Surface Defects,Road Safety & Defects
Protected trees (in Conservations Areas),Protected Trees,Other,Other
Road lines / road markings,Road Markings,Road Safety,Road Safety & Defects
Light on during day,Street Lights,Street Lights,Road Safety & Defects
Obstruction on public right of way,Obstruction,Right of Way,Access
Flooded road,Flooding,Drainage,Environmental Health
Empty tree Pit,Other,Other,Other
Street Furniture Enquiry,Street Furniture,Street Furniture,Road Safety & Defects
Dog and litter bins,Dog Litter Bin,Bin Replacement,Environmental Health
"Tree debris (droppings, sap or seeds)",Fallen/Dangerous Trees,Overgrown/Fallen Veg/Trees,Environmental Disruptions
Parks/Landscapes,Open Spaces/Parks,Open Spaces/Parks,Public Space
Countdown - not working,Street Signs,Street Furniture,Road Safety & Defects
Grit Bin - empty/refill,Grit Bins,Gritting,Road Safety & Defects
Pictorial Meadow Pruning,Street Furniture,Overgrown/Fallen Veg/Trees,Road Safety & Defects
Salt bin damaged,Salt Bins,Gritting,Road Safety & Defects
Blocked - flooding road/path,Blocked Drains,Drainage,Environmental Health
Dumped rubbish,Dumped Rubbish,Rubbish,Environmental Health
Ditches,Bridge/Culvert Defects,Bridge/Culvert Defects,Environmental Disruptions
Visibility at junction or bend,Road Safety,Road Safety,Road Safety & Defects
"Bridge, Subway or Culvert on a public right of way",Bridge/Culvert Defects,Bridge/Culvert Defects,Environmental Disruptions
Bench/ memorial/ cycle hoop damaged or missing,Street Furniture,Street Furniture,Road Safety & Defects
Litter bin full,Litter/Litter Bin,Rubbish,Environmental Health
Hoarding/ scaffold licence,Other,Other,Other
Sign Dirty/Degraded,Street Signs,Road Safety,Road Safety & Defects
Tree touching overhead cables,Fallen/Dangerous Trees,Overgrown/Fallen Veg/Trees,Environmental Disruptions
Grass cutting,Grass/Weed Control,Overgrown/Fallen Veg/Trees,Environmental Disruptions
Damage - shelter unstable or loose in the ground,Bus Stops Damage,Bus Stops Damage,Environmental Disruptions
Illegal parking,Parking,Parking,Abandoned Vehicles & Parking
Sign Obstructed: Vegetation,Street Signs,Road Safety,Road Safety & Defects
Property Damaged By Flooding,Flooding,Drainage,Environmental Health
Weeds,Grass/Weed Control,Overgrown/Fallen Veg/Trees,Environmental Disruptions
"Damaged road edge, encroaches less than 100mm",Road Surface Defects,Road Surface Defects,Road Safety & Defects
Car Parks,Parking,Parking,Abandoned Vehicles & Parking
Broken Drain Cover,Manhole Covers,Drainage,Environmental Health
Dead animals,Dead Animals,Environmental Health,Environmental Health
Smelly drain,Grids and Drains,Drainage,Environmental Health
Livestock,Other,Other,Other
Streetspace Feedback,Other,Other,Other
Dog Bin Overflowing,Dog Litter Bin,Bin Replacement,Environmental Health
Pole/signal knocked down,Street Signs,Road Safety,Road Safety & Defects
Recruitment,Other,Other,Other
Street drainage,Blocked Drains,Drainage,Environmental Health
Maintenance / Repairs Issue,General Highways Enquiries,Highways Enquiries,Road Safety & Defects
Grass Cutting,Grass/Weed Control,Overgrown/Fallen Veg/Trees,Environmental Disruptions
Grounds Maintenance,Grounds Maintenance,Grounds Maintenance,Road Safety & Defects
Temporary Traffic Signals,Traffic Lights,Road Safety,Road Safety & Defects
Utilities,Utility Works,Utility Works,Environmental Disruptions
Debris / Obstructions,Debris/Spillage,Rubbish,Environmental Health
Missed bin collection,Missed Bin Collection,Rubbish,Environmental Health
Highway Drainage,Highway Drainage,Drainage,Environmental Health
Burning By Day,Street Lights,Street Lights,Road Safety & Defects
Missing/Broken Sign on a public right of,Street Signs,Right of Way,Access
Kerb not flush / no tactile paving,Pavement /Footway Defects,Pavement /Footway Defects,Road Safety & Defects
Highway Condition (Assets),Highway Condition,Road Surface Defects,Road Safety & Defects
Vegetation or Weeds on a verge or open space,Overgrown Vegetation,Right of Way,Access
Damaged road sign,Road Surface Defects,Road Surface Defects,Road Safety & Defects
Allotment issue,Open Spaces/Parks,Open Spaces/Parks,Public Space
Pavement/footpath issue,Pavement /Footway Defects,Pavement /Footway Defects,Road Safety & Defects
Lining,Litter/Litter Bin,Rubbish,Environmental Health
Verge cutting residential areas,Grass/Weed Control,Overgrown/Fallen Veg/Trees,Environmental Disruptions
Fly Tipping on a public right of way,Fly-tipping,Rubbish,Environmental Health
Epicormic Tree Growth,Overgrown Vegetation,Overgrown/Fallen Veg/Trees,Environmental Disruptions
Lamp Flashing,Street Lights,Street Lights,Road Safety & Defects
Road Signs and Markings,Street Signs,Road Safety,Road Safety & Defects
Permanent Traffic Signals/Road Crossings,Traffic Lights,Road Safety,Road Safety & Defects
Gritting Request,Gritting,Gritting,Road Safety & Defects
Gully or Manhole Defect,Gully/Manhole Defects,Drainage,Environmental Health
Restrict off-road access,Vehicle Access,Right of Way,Access
Street Cleaning,Street Cleaning,Rubbish,Environmental Health
Overhanging Vegetation,Overgrown Vegetation,Overgrown/Fallen Veg/Trees,Environmental Disruptions
Road Safety,Road Safety,Road Safety,Road Safety & Defects
Hazardous spillage on road,Spillage on Road,Rubbish,Environmental Health
Grass Verges & Weeds,Grass/Weed Control,Overgrown/Fallen Veg/Trees,Environmental Disruptions
Engine idling,Other,Other,Other
Visibility Issue,Other,Other,Other
Public Toilets,Public Toilets,Public Toilets,Access
Missing Ironwork,Manhole Covers,Drainage,Environmental Health
Recycling - Missed Collection,Missed Bin Collection,Rubbish,Environmental Health
Lit signs & bollards,Barriers/Bollards on RoW,Road Safety,Road Safety & Defects
Long Grass NonHazard,Grass/Weed Control,Overgrown/Fallen Veg/Trees,Environmental Disruptions
Access to a Countryside Pathway,Countryside RoW,Right of Way,Access
Dedication Plaque,Other,Other,Other
Tree Or Shrub on a verge or open space,Fallen/Dangerous Trees,Open Spaces/Parks,Public Space
Flytipping (deleted),Fly-tipping,Rubbish,Environmental Health
Footway Defect on a road or footway,Pavement /Footway Defects,Right of Way,Access
Fault on public right of way,Right of Way,Right of Way,Access
Food Safety - Food Rating Standards,Other,Other,Other
Faded road markings,Road Markings,Road Safety,Road Safety & Defects
Road surface issue,Road Surface Defects,Road Surface Defects,Road Safety & Defects
Damage - smashed glass or panels / jagged metal edges on shelter,Bus Stops Damage,Bus Stops Damage,Environmental Disruptions
Trees and woodland,Overgrown Vegetation,Overgrown/Fallen Veg/Trees,Environmental Disruptions
Footway Flood Hazardous,Flooding,Drainage,Environmental Health
Damaged Telecomms cabinet,Street Furniture,Street Furniture,Public Space
Public rights of way,Right of Way,Right of Way,Access
Pavement Overcrowding,Pavement /Footway Defects,Pavement /Footway Defects,Road Safety & Defects
Footway Flood Non Hazardous,Flooding,Drainage,Environmental Health
Unauthorised signs,Flyposting,Incivilities,Incivilities
Dead animal in the carriageway or footway,Dead Animals,Environmental Health,Environmental Health
Faulty street sign,Street Signs,Road Safety,Road Safety & Defects
Parking/ congestion,Parking,Parking,Abandoned Vehicles & Parking
Manhole,Manhole Covers,Drainage,Environmental Health
"Traffic lights & crossings problems with buttons, beep or lamps",Traffic Lights,Road Safety,Road Safety & Defects
Dog Waste Bin on a verge or open space,Dog Litter Bin,Bin Replacement,Environmental Health
General Enquiry/Complaints,General Highways Enquiries,Highways Enquiries,Road Safety & Defects
Alleyway,Other,Other,Other
Hedge causing obstruction,Overgrown Vegetation,Overgrown/Fallen Veg/Trees,Environmental Disruptions
Flyposting (not by roadside),Flyposting,Incivilities,Incivilities
Admin,Admin,Other,Other
Rights of way,Right of Way,Right of Way,Access
Footpaths / Carriageway,Right of Way,Right of Way,Access
Signal Head Failure,Street Signs,Road Safety,Road Safety & Defects
Dropped kerb - Illegal,Pavement /Footway Defects,Road Safety,Road Safety & Defects
Uneven Flags,Broken Kerbs,Other,Environmental Disruptions
Pedestrian wait button not working,Pavement /Footway Defects,Street Furniture,Road Safety & Defects
Grafitti,Graffiti,Incivilities,Incivilities
Manhole Cover - Missing,Manhole Covers,Drainage,Environmental Health
Box/Planters Enquiry,Street Furniture,Overgrown/Fallen Veg/Trees,Road Safety & Defects
Public footpath or cyclepath,Right of Way,Right of Way,Access
Vehicle Access (Assets),Vehicle Access,Right of Way,Access
Damage to litter bin,Bin Repair/Replacement,Bin Replacement,Environmental Health
Street Furniture,Street Furniture,Street Furniture,Environmental Disruptions
Abandoned Vehicles,Abandoned Vehicles,Abandoned Vehicles,Abandoned Vehicles & Parking
Drainage Structure: Blockage,Blocked Drains,Drainage,Environmental Health
Footway or Footpath,Right of Way,Right of Way,Access
Damaged Control box,Road Works,Grounds Maintenance,Road Safety & Defects
Road signage,Street Signs,Road Safety,Road Safety & Defects
Trade Waste Issue,Trade Waste,Rubbish,Environmental Health
Utlility Covers,Utility Works,Utility Works,Environmental Disruptions
Lamp out (traffic lights),Traffic Lights,Road Safety,Road Safety & Defects
Empty Bin,Bin Repair/Replacement,Bin Replacement,Environmental Health
Road or pavement obstruction,Road/Pavement Defects,Road Surface Defects,Road Safety & Defects
Roads and pavement surfaces - Road pothole,Potholes,Road Surface Defects,Road Safety & Defects
Single Light out (street light),Street Lights,Street Lights,Road Safety & Defects
Bridge-Damaged/ Missing,Bridge/Culvert Defects,Bridge/Culvert Defects,Environmental Disruptions
Flytipping,Fly-tipping,Rubbish,Environmental Health
Trees (on sites owned by Three Rivers District Council),Overgrown Vegetation,Overgrown/Fallen Veg/Trees,Environmental Disruptions
Blocked or damaged drain,Blocked Drains,Drainage,Environmental Health
Abandoned car,Abandoned Vehicles,Abandoned Vehicles,Abandoned Vehicles & Parking
Play Equipment,Open Spaces/Parks,Open Spaces/Parks,Public Space
Scaffolding blocking carriageway or footway,Other,Other,Other
Road surface,Road Surface Defects,Road Surface Defects,Road Safety & Defects
Parks and playgrounds,Open Spaces/Parks,Open Spaces/Parks,Public Space
Crossing not working,Street Signs,Road Safety,Road Safety & Defects
Speed Limit Signs,Street Signs,Street Furniture,Road Safety & Defects
Timings,Traffic Lights,Road Safety,Road Safety & Defects
Damage - seating in shelter,Bus Stops Damage,Bus Stops Damage,Environmental Disruptions
Festive Decoration Damaged,Other,Other,Other
Pavement Condition,Pavement /Footway Defects,Pavement /Footway Defects,Road Safety & Defects
Potholes (large),Potholes,Road Surface Defects,Road Safety & Defects
Syringes,Discarded Syringes,Rubbish,Environmental Health
Utility Issue,Utility Works,Utility Works,Environmental Disruptions
Carriageway Manhole Covers,Manhole Covers,Drainage,Environmental Health
Swaying trees,Fallen/Dangerous Trees,Overgrown/Fallen Veg/Trees,Environmental Disruptions
Ice,Ice & Snow,Gritting,Road Safety & Defects
Abandoned bike,Abandoned Vehicles,Abandoned Vehicles,Abandoned Vehicles & Parking
Streetspace Suggestions and Feedback,Other,Other,Other
Drainage or Flooding on a public right o,Blocked Drains,Drainage,Environmental Health
Other Grass Cutting Issues,Grass/Weed Control,Overgrown/Fallen Veg/Trees,Environmental Disruptions
Broken Fire Hydrant Covers,Broken Fire Hydrant,Other,Environmental Disruptions
Obstructive vegetation,Overgrown Vegetation,Overgrown/Fallen Veg/Trees,Environmental Disruptions
Grit Bin - damaged/replacement,Grit Bins,Gritting,Road Safety & Defects
Drain or Gully,Blocked Drains,Drainage,Environmental Health
Belisha Beacon Malfunction,Pavement /Footway Defects,Right of Way,Access
Subway light,Bridge/Culvert Defects,Bridge/Culvert Defects,Environmental Disruptions
Carriageway Flood NonHazard,Road Surface Defects,Road Surface Defects,Road Safety & Defects
Trees (on the highway verge),Fallen/Dangerous Trees,Overgrown/Fallen Veg/Trees,Environmental Disruptions
Litter bin damaged,Litter/Litter Bin,Rubbish,Environmental Health
Fly tipping - Enforcement Request,Fly-tipping,Rubbish,Environmental Health
Play Area,Open Spaces/Parks,Open Spaces/Parks,Public Space
Illegal encampments,Other,Other,Other
Wildlife Verges,Grass/Weed Control,Overgrown/Fallen Veg/Trees,Environmental Disruptions
"Street lighting (parks, car parks and open spaces)",Street Lights,Street Lights,Road Safety & Defects
Sign Missing/Knocked Down,Street Signs,Road Safety,Road Safety & Defects
Highways Drainage,Highway Drainage,Drainage,Environmental Health
Street sign,Street Signs,Road Safety,Road Safety & Defects
Litter bins,Bin Repair/Replacement,Bin Replacement,Environmental Health
Dog fouling,Dog Fouling,Dog Fouling,Environmental Health
Road Markings/Studs Non-Comp,Road Markings,Road Safety,Road Safety & Defects
Public tree requires pruning,Overgrown Vegetation,Overgrown/Fallen Veg/Trees,Environmental Disruptions
Road Surface,Road Surface Defects,,Road Safety & Defects
Emergency - Fallen branch,Fallen/Dangerous Trees,Overgrown/Fallen Veg/Trees,Road Safety & Defects
Potholes (smaller than 30cm by 4cm),Potholes,Road Surface Defects,Road Safety & Defects
Spillage on the road,Spillage on Road,Rubbish,Environmental Health
General Maintenance and pruning,General Highways Enquiries,Highways Enquiries,Road Safety & Defects
Fences and Walls,Flooding,Drainage,Environmental Health
Car Park Barrier / Equipment,Parking,Parking,Abandoned Vehicles & Parking
Playing Fields,Open Spaces/Parks,Open Spaces/Parks,Public Space
Sign light not working,Road Markings,Road Safety,Road Safety & Defects
Litter bin,Litter/Litter Bin,Rubbish,Environmental Health
Trip Hazard,Trip Hazard,Rubbish,Environmental Health
Footpaths/ Rights of way (usually not tarmac),Right of Way,Right of Way,Access
Damaged street name plates,Street Name Plates,Street Furniture,Environmental Disruptions
Car Park Machine Not Working,Parking,Parking,Abandoned Vehicles & Parking
Street weeds,Grass/Weed Control,Overgrown/Fallen Veg/Trees,Environmental Disruptions
Blocked gully,Blocked Drains,Drainage,Environmental Health
unlit bollard knockdown/ missing (hazardous),Street Furniture,Street Furniture,Road Safety & Defects
Inspection Covers,Manhole Covers,Drainage,Environmental Health
Street light not working,Street Lights,Street Lights,Road Safety & Defects
Traffic Signals Not Working,Traffic Lights,Road Safety,Road Safety & Defects
Disagree/ agree with the completed works installed,Other,Other,Other
Fly-tipping,Fly-tipping,Rubbish,Environmental Health
Column/Post: Paintwork Damage,Street Furniture,Street Furniture,Road Safety & Defects
Manhole / Drain cover,Manhole Covers,Drainage,Environmental Health
Litter Bins Full/Damaged/Missing,Litter/Litter Bin,Rubbish,Environmental Health
Damaged street nameplate,Street Name Plates,Street Furniture,Environmental Disruptions
Shelter needs cleaning (hazardous waste),Bus Stops Damage,Bus Stops Damage,Environmental Disruptions
Hedge Untrimmed,Fallen/Dangerous Trees,Overgrown/Fallen Veg/Trees,Environmental Disruptions
Accumulated Litter,Accumulated Litter,Rubbish,Environmental Health
Abandoned vehicle,Abandoned Vehicles,Abandoned Vehicles,Abandoned Vehicles & Parking
Parking Bays,Parking,Parking,Abandoned Vehicles & Parking
Trip hazard,Trip Hazard,Rubbish,Environmental Health
Belisha Beacon broken,Pavement /Footway Defects,Right of Way,Access
Bollards or railings,Street Signs,Road Safety,Road Safety & Defects
Light in outside car park,Street Lights,Street Lights,Road Safety & Defects
Trees/Hedges Overhanging Roads Or Footpa,Overgrown Vegetation,Right of Way,Access
Street nameplate damaged/missing,Street Name Plates,Street Furniture,Environmental Disruptions
Trees (Urban Areas),Fallen/Dangerous Trees,Overgrown/Fallen Veg/Trees,Environmental Disruptions
Grass damage/destroy/disease,Grass/Weed Control,Overgrown/Fallen Veg/Trees,Environmental Disruptions
Damage By Tree to 3rd Party,Fallen/Dangerous Trees,Overgrown/Fallen Veg/Trees,Environmental Disruptions
Damaged or missing utility cover,Road Works,Grounds Maintenance,Road Safety & Defects
Graffiti (Offensive),Graffiti,Incivilities,Incivilities
Roads/Highways,Highway Condition,Highways Enquiries,Road Safety & Defects
Blocked drains,Blocked Drains,Drainage,Environmental Health
Snow and ice problem/winter salting,Ice & Snow,Gritting,Road Safety & Defects
Trees or Vegetation,Overgrown Vegetation,Overgrown/Fallen Veg/Trees,Environmental Disruptions
Street nameplates,Street Name Plates,Street Furniture,Environmental Disruptions
Crossing running with no pedestrians,Street Signs,Road Safety,Road Safety & Defects
"Trees in parks, commons and open  spaces",Overgrown Vegetation,Overgrown/Fallen Veg/Trees,Environmental Disruptions
Temp Roadwork Traffic Signals,Road Works,Grounds Maintenance,Road Safety & Defects
Street Light,Street Lights,Street Lights,Road Safety & Defects
Barriers,Street Furniture,Street Furniture,Road Safety & Defects
Street lighting,Street Lights,Street Lights,Road Safety & Defects
Verges - Damaged by Vehicles,Verge Damage,Road Safety,Road Safety & Defects
General (Bridge & Struc.),Bridge/Culvert Defects,Bridge/Culvert Defects,Environmental Disruptions
Conditions of Signs,Street Signs,Street Furniture,Road Safety & Defects
Surface Defect on a road or footway,Road Surface Defects,Pavement /Footway Defects,Road Safety & Defects
Missed Grass Cutting,Grass/Weed Control,Overgrown/Fallen Veg/Trees,Environmental Disruptions
Parks & Green Spaces,Open Spaces/Parks,Open Spaces/Parks,Public Space
Lamp Obscured,Street Lights,Street Lights,Road Safety & Defects
Graffiti and Flyposting,Graffiti,Incivilities,Incivilities
Parking,Parking,Parking,Abandoned Vehicles & Parking
Subway Light Out or Flickering,Bridge/Culvert Defects,Bridge/Culvert Defects,Environmental Disruptions
Utility Box/ cover damaged,Utility Works,Utility Works,Environmental Disruptions
Crossings,Pavement /Footway Defects,,
Highways Obstructions,Obstruction,Right of Way,Access
Damaged structure,Other,Other,Other
Manholes,Gully/Manhole Defects,Drainage,Environmental Health
Subway,Street Lights,Street Lights,Road Safety & Defects
Highway Improvements on a road or footway,Highway Condition,Grounds Maintenance,Road Safety & Defects
Graffiti on Council Property,Graffiti,Incivilities,Incivilities
Other (TfL),Other,Other,Other
Pavement Defect,Pavement /Footway Defects,Pavement /Footway Defects,Road Safety & Defects
Tree Danger/Obstruction on PN,Fallen/Dangerous Trees,Overgrown/Fallen Veg/Trees,Environmental Disruptions
Fences,Fences,Fences,Environmental Disruptions
Bridges & Walls,Bridge/Culvert Defects,Bridge/Culvert Defects,Environmental Disruptions
Ironwork Collapsed,Manhole Covers,Drainage,Environmental Health
Hanging / broken branch,Overgrown Vegetation,Overgrown/Fallen Veg/Trees,Environmental Disruptions
Lamp post,Street Lights,Street Lights,Road Safety & Defects
Significant or Harmful Waste on Private Land,Trade Waste,Rubbish,Environmental Health
Gully/Drainage,Gullies,Drainage,Environmental Health
Vegetation (grass/hedges/trees),Overgrown Vegetation,Overgrown/Fallen Veg/Trees,Environmental Disruptions
Crew behaviour,Other,Other,Other
Request To Refill Grit Bin,Grit Bins,Gritting,Road Safety & Defects
Refuse & recycling,Recycling,Rubbish,Environmental Health
Pothole or other defect,Potholes,Road Surface Defects,Road Safety & Defects
Damaged/missing boundary markers,Road Surface Defects,Road Surface Defects,Road Safety & Defects
Rough/Uneven or Surface Issue,Pavement /Footway Defects,Road Surface Defects,Road Safety & Defects
Damaged bollard or post,Barriers/Bollards on RoW,Road Safety,Road Safety & Defects
Road damage / Pothole,Potholes,Road Surface Defects,Road Safety & Defects
Crossing,Street Signs,Street Furniture,Road Safety & Defects
Damaged Kerb/Aco/Channel Block,Road Works,Grounds Maintenance,Road Safety & Defects
Missing/Broken Sign on a public right of way,Street Signs,Right of Way,Access
Signs/Cones/Bollards/Barriers,Street Signs,Road Safety,Road Safety & Defects
Parking Equipment (Council Car Park),Parking,Parking,Abandoned Vehicles & Parking
Current Roadworks,Road Works,Grounds Maintenance,Road Safety & Defects
Bus stop,Bus Stops Damage,Bus Stops Damage,Environmental Disruptions
Obstructing The Footway,Overgrown Vegetation,Pavement /Footway Defects,Environmental Disruptions
Tree Wound,Overgrown Vegetation,Overgrown/Fallen Veg/Trees,Environmental Disruptions
Obstructions on pavements and roads,Obstruction,Right of Way,Access
Parking signs,Parking,Parking,Abandoned Vehicles & Parking
Bridge or culvert defect,Bridge/Culvert Defects,Bridge/Culvert Defects,Environmental Disruptions
Belisha Beacon Minor Damage,Pavement /Footway Defects,Street Furniture,Road Safety & Defects
Vehicle Barrier Issue,Vehicle Access,Right of Way,Access
Graffiti / Flyposting on street light (non-offensive),Graffiti,Incivilities,Incivilities
Highway Tree Replacement,Overgrown Vegetation,Overgrown/Fallen Veg/Trees,Environmental Disruptions
Markings/ lines Missing or faded,Gully/Manhole Defects,Drainage,Environmental Health
Vegetation Encroachment,Overgrown Vegetation,Overgrown/Fallen Veg/Trees,Environmental Disruptions
Communal Back Courts,Other,Other,Other
Lit Signs (Electrical),Lit Signs,Other,Other
Signs on a public right of way,Street Signs,Right of Way,Access
Playground Equipment,Open Spaces/Parks,Open Spaces/Parks,Environmental Disruptions
Poor Parking (Council Car Park),Parking,Parking,Abandoned Vehicles & Parking
Countryside Paths / Public Rights of Way,Countryside RoW,Right of Way,Access
Missing drain or man hole cover,Manhole Covers,Drainage,Environmental Health
Dog waste bin,Dog Litter Bin,Bin Replacement,Environmental Health
Floral Displays,Floral displays,Floral Displays,Other
Noxious weeds,Grass/Weed Control,Overgrown/Fallen Veg/Trees,Environmental Disruptions
Illegal Parking,Parking,Parking,Abandoned Vehicles & Parking
Overgrown Vegetation,Overgrown Vegetation,Overgrown/Fallen Veg/Trees,Environmental Disruptions
Unlit Bollard Issue Non Hazard,Street Furniture,Street Furniture,Road Safety & Defects
Dangerous structure,Dangerous Building/Structure,Dangerous Building/Structure,Environmental Disruptions
Fencing/Walls,Pavement /Footway Defects,Dangerous Building/Structure,Road Safety & Defects
Roads and Highways,Road Surface Defects,Road Surface Defects,Road Safety & Defects
Door Missing/ open,Other,Other,Other
Freedom of information,Other,Other,Other
"Obstructions (skips, A boards)",Obstruction,Right of Way,Access
Unpaved OS CP Surface Issue,Road Surface Defects,Pavement /Footway Defects,Road Safety & Defects
Floral displays,Floral displays,Floral Displays,Other
Blocked drainage gullies,Blocked Drains,Drainage,Environmental Health
Request refill of grit bin,Grit Bins,Gritting,Road Safety & Defects
"Damaged dyke, ditch or culvert",Bridge/Culvert Defects,Bridge/Culvert Defects,Environmental Disruptions
Ditch Problem Hazardous,Bridge/Culvert Defects,Bridge/Culvert Defects,Environmental Disruptions
Wrongful removal,Other,Other,Other
Fences & barriers,Fences,Fences,Environmental Disruptions
Obstruction on road/cycleway,Obstruction,Right of Way,Access
Potholes / Highway Condition,Potholes,Road Surface Defects,Road Safety & Defects
Shelter needs cleaning (not including litter),Bus Stops Damage,Bus Stops Damage,Environmental Disruptions
Road Markings Missing/Faded,Road Markings,Road Safety,Road Safety & Defects
Report missed collection,Missed Bin Collection,Rubbish,Environmental Health
Hedge Oversized,Fallen/Dangerous Trees,Overgrown/Fallen Veg/Trees,Environmental Disruptions
Dying or diseased tree,Fallen/Dangerous Trees,Overgrown/Fallen Veg/Trees,Environmental Disruptions
Salt bin refill,Salt Bins,Gritting,Road Safety & Defects
Gate not closed,Gates/Stiles RoW,Right of Way,Access
Trenches,Trenches,Utility Works,Environmental Disruptions
Pelican/Toucan Crossings,Street Signs,Street Furniture,Road Safety & Defects
Zebra Crossing,Zebra Crossing,Road Safety,Road Safety & Defects
Road Traffic Signs & Markings,Street Signs,Street Furniture,Road Safety & Defects
Fault with temporary traffic signals,Street Signs,Road Safety,Road Safety & Defects
Permanent Traffic Lights,Traffic Lights,Street Furniture,Road Safety & Defects
Pavement Defect (uneven surface / cracked paving slab),Pavement /Footway Defects,Right of Way,Access
Trees (on sites owned by Three Rivers Di,Trees on RoW,Right of Way,Access
Benches / bicycle racks,Benches/Bicycle Racks,Street Furniture,Environmental Disruptions
Roads and pavement surfaces - Overhangin,Overgrown Vegetation,Overgrown/Fallen Veg/Trees,Environmental Disruptions
Studs/Catseyes Missing/Damaged,Road Markings,Road Safety,Road Safety & Defects
Street Lighting,Street Lights,Street Lights,Road Safety & Defects
Fallen tree across road or pavement,Fallen/Dangerous Trees,Overgrown/Fallen Veg/Trees,Environmental Disruptions
Trees or shrubs causing obstruction of highway,Overgrown Vegetation,Overgrown/Fallen Veg/Trees,Environmental Disruptions
Road markings,Road Markings,Road Safety,Road Safety & Defects
Subway light faulty,Bridge/Culvert Defects,Bridge/Culvert Defects,Environmental Disruptions
Missed Collection (Green Waste),Missed Bin Collection,Rubbish,Environmental Health
Street cleaning and litter,Street Cleaning,Street Furniture,Environmental Health
Graffiti / Flyposting on stop or shelter (offensive),Graffiti,Incivilities,Incivilities
Skips and scaffolding,Skips,Rubbish,Environmental Health
Graffiti/Flyposting: Non-Offen,Graffiti,Incivilities,Incivilities
Damage - pole leaning / equipment detached from pole/facing the wrong direction,Bus Stops Damage,Bus Stops Damage,Environmental Disruptions
Obstruction on a public right of way,Obstruction,Right of Way,Access
Missed Collection,Missed Bin Collection,Rubbish,Environmental Health
Cleanliness Sub Standard,Other,Other,Other
Planter Damage Hazard,Overgrown Vegetation,Overgrown/Fallen Veg/Trees,Public Space
Pedestrian guard rail missing/damaged,Pavement /Footway Defects,Right of Way,Access
Dogs and Dogs Fouling,Dog Fouling,Dog Fouling,Environmental Health
Debris/Spillage,Debris/Spillage,Rubbish,Environmental Health
Tree Dead/Dying/Diseased,Fallen/Dangerous Trees,Overgrown/Fallen Veg/Trees,Environmental Disruptions
Barrier/Bollard on a public right of way,Barriers/Bollards on RoW,Right of Way,Access
Double Yellow Lines,Street Signs,Road Safety,Road Safety & Defects
Street Light Wiring Exposed,Street Lights,Street Lights,Road Safety & Defects
Grit Bins,Grit Bins,Gritting,Road Safety & Defects
Multiple lights out/flickering,Street Lights,Street Lights,Road Safety & Defects
Street Name Plates,Street Name Plates,Street Furniture,Environmental Disruptions
"Bridge, Subway or Culvert on a road or f",Bridge/Culvert Defects,Bridge/Culvert Defects,Environmental Disruptions
Restricted Visibility,Overgrown Vegetation,Overgrown/Fallen Veg/Trees,Environmental Disruptions
Grass and Hedges,Grass/Weed Control,Overgrown/Fallen Veg/Trees,Environmental Disruptions
Sign problem,Road Markings,Road Safety,Road Safety & Defects
Flickering Light,Street Lights,Street Lights,Road Safety & Defects
"Damaged Railing, manhole, or drain cover",Road Surface Defects,Road Surface Defects,Road Safety & Defects
"Bridge, Subway Or Culvert on a road or footway",Bridge/Culvert Defects,Bridge/Culvert Defects,Environmental Disruptions
Street needs gritting,Gritting,Gritting,Road Safety & Defects
Slabs - Uneven / Damaged / Cracked,Pavement /Footway Defects,Road Surface Defects,Road Safety & Defects
Request Parking Restrictions,Parking,Parking,Abandoned Vehicles & Parking
Works not complete,Road Works,Grounds Maintenance,Road Safety & Defects
Timing issue,Traffic Lights,Road Safety,Road Safety & Defects
Noisy Ironwork,Manhole Covers,Drainage,Environmental Health
Trees overhanging/obstructing the road o,Overgrown Vegetation,Right of Way,Access
Complaint,Other,Other,Other
Vegetation or Weeds,Overgrown Vegetation,Overgrown/Fallen Veg/Trees,Environmental Disruptions
Street lights,Street Lights,Street Lights,Road Safety & Defects
Footpaths/ Rights of way (usually not ta,Right of Way,Right of Way,Access
Blocked drainage gully,Blocked Drains,Drainage,Environmental Health
General (Flooding/Drains),Flooding,Drainage,Environmental Health
Footpaths & rights of way,Right of Way,Right of Way,Access
Removal of Debris,Debris/Spillage,Rubbish,Environmental Health
Overhanging tree/foliage/bush,Overgrown Vegetation,Overgrown/Fallen Veg/Trees,Environmental Disruptions
Excessive or dangerous littering,Accumulated Litter,Rubbish,Environmental Health
Incorrect timetable information,Other,Other,Other
Emergency - Tree (Other),Fallen/Dangerous Trees,Overgrown/Fallen Veg/Trees,Road Safety & Defects
Grass Cutting on a verge or open space,Grass/Weed Control,Overgrown/Fallen Veg/Trees,Environmental Disruptions
Damaged or missing cover,Road Works,Grounds Maintenance,Road Safety & Defects
Cycle Hangars,Street Furniture,Street Furniture,Road Safety & Defects
Flooding of a property,Flooding,Drainage,Environmental Health
Gritting,Gritting,Gritting,Road Safety & Defects
Missing Gully/Manhole,Manhole Covers,Drainage,Environmental Health
Broken Kerb Stones,Broken Kerbs,Other,Environmental Disruptions
Food Safety - Pest Control,Other,Other,Other
"Bridge, Subway or Culvert in an open spa",Bridge/Culvert Defects,Bridge/Culvert Defects,Environmental Disruptions
Signs and bollards,Street Signs,Road Safety,Road Safety & Defects
Fence Damaged/Missing Hazard,Fences,Fences,Environmental Disruptions
Gully or Manhole,Manhole Covers,Drainage,Environmental Health
Highways Drainage on a road or footway,Highway Drainage,Drainage,Environmental Health
Debris / Rubbish,Debris/Spillage,Rubbish,Environmental Health
Underpass light,Pavement /Footway Defects,Right of Way,Access
Signal Failure/Damaged - Toucan/Pelican,Street Signs,Road Safety,Road Safety & Defects
Parking on street,Parking,Parking,Abandoned Vehicles & Parking
Trees or shrubs blocking visibility,Overgrown Vegetation,Overgrown/Fallen Veg/Trees,Environmental Disruptions
Manhole Cover - Damaged (rocking or noisy),Manhole Covers,Drainage,Environmental Health
Utility cabinets,Utility Works,Utility Works,Environmental Disruptions
Overflowing Street Litter Bin,Litter/Litter Bin,Rubbish,Environmental Health
Refuse and recycling,Bin Collection,Rubbish,Environmental Health
Recycling and waste,Recycling,Rubbish,Environmental Health
Safety Bollard - Damaged/Missing,Street Signs,Road Safety,Road Safety & Defects
Tourist Signs,Street Signs,Street Furniture,Other
Damage to pedestrian guardrail,Street Furniture,Road Safety,Road Safety & Defects
Ice/Snow,Ice & Snow,Gritting,Road Safety & Defects
Unauthorised shop display,Other,Other,Other
Property Damage,Property Damage,Property Damage,Environmental Disruptions
Highway Condition,Highway Condition,Road Surface Defects,Road Safety & Defects
Traffic Lights (temporary only),Traffic Lights,Road Safety,Road Safety & Defects
Application for a Large Household Wheelie Bin,Other,Other,Other
Ragwort,Overgrown Vegetation,Overgrown/Fallen Veg/Trees,Environmental Disruptions
Parks & open spaces,Open Spaces/Parks,Open Spaces/Parks,Public Space
Blocked Drains,Blocked Drains,Drainage,Environmental Health
Traffic sign,Traffic Lights,Road Safety,Road Safety & Defects
Road obstruction,Debris/Spillage,Rubbish,Environmental Health
Play Area Issues on a verge or open space,Open Spaces/Parks,Open Spaces/Parks,Public Space
Carriageway Condition,Road Surface Defects,Road Surface Defects,Road Safety & Defects
Road Markings - Worn/Faded,Road Markings,Road Safety,Road Safety & Defects
Street light leaning,Street Lights,Street Lights,Road Safety & Defects
Dangerous Building,Dangerous Building/Structure,Dangerous Building/Structure,Environmental Disruptions
Damage - general (Trees),Fallen/Dangerous Trees,Overgrown/Fallen Veg/Trees,Environmental Disruptions
Public Trees,Overgrown Vegetation,Overgrown/Fallen Veg/Trees,Environmental Disruptions
Shrub Pruning,Overgrown Vegetation,Overgrown/Fallen Veg/Trees,Road Safety & Defects
Column/lantern damaged/leaning,Street Furniture,Street Furniture,Road Safety & Defects
Parks Repairs,Open Spaces/Parks,Open Spaces/Parks,Environmental Disruptions
Damage - wires exposed on bus shelter,Bus Stops Damage,Bus Stops Damage,Environmental Disruptions
Mud on Road,Debris/Spillage,Rubbish,Environmental Health
Graffiti or Flyposting (not offensive),Graffiti,Incivilities,Incivilities
Illegally parked vehicle,Parking,Parking,Abandoned Vehicles & Parking
General (Inv./Pro. Spec.),Other,Other,Other
Vegetation or Weeds on a verge or open s,Overgrown Vegetation,Right of Way,Access
All out - three or more street lights in a row,Street Lights,Street Lights,Road Safety & Defects
Problem at LCC roadworks,Road Works,Grounds Maintenance,Road Safety & Defects
Structure Issue,Other,Other,Other
Graffiti and flyposting,Graffiti,Incivilities,Incivilities
Weed Growth,Grass/Weed Control,Overgrown/Fallen Veg/Trees,Environmental Disruptions
Pothole (Council Car Park),Potholes,Road Surface Defects,Road Safety & Defects
Road works,Road Works,Grounds Maintenance,Road Safety & Defects
Traffic Sign obstructed (vegetation),Street Signs,Road Safety,Road Safety & Defects
Traffic light / crossing - timing issues,Traffic Lights,Road Safety,Road Safety & Defects
Broken drain cover,Manhole Covers,Drainage,Environmental Health
Public Tree related issue,Overgrown Vegetation,Overgrown/Fallen Veg/Trees,Environmental Disruptions
Phoenix HA,Phoenix HA,Other,Other
Surface Condition,Road Surface Defects,Road Surface Defects,Road Safety & Defects
Utility Work,Utility Works,Utility Works,Environmental Disruptions
Slurry or Mud on the Highway,Road Surface Defects,Street Furniture,Road Safety & Defects
Loose / Raised/Sunken,Pavement /Footway Defects,Right of Way,Access
Drainage Structure: Leakage,Blocked Drains,Drainage,Environmental Health
Weed spraying,Overgrown Vegetation,Overgrown/Fallen Veg/Trees,Environmental Disruptions
Car Parking,Parking,Parking,Abandoned Vehicles & Parking
Fire hydrants,Broken Fire Hydrant,Other,Environmental Disruptions
Public Rights of Ways,Right of Way,Right of Way,Access
Road traffic signs,Street Signs,Road Safety,Road Safety & Defects
Structure Damaged,Other,Other,Other
All signal lights out,Street Lights,Street Lights,Road Safety & Defects
Graffiti / Flyposting on street light (offensive),Graffiti,Incivilities,Incivilities
Abandoned and untaxed vehicles,Abandoned Vehicles,Abandoned Vehicles,Abandoned Vehicles & Parking
Overflowing litter bin,Litter/Litter Bin,Rubbish,Environmental Health
Unstable hoardings,Other,Other,Other
Pothole (minor),Potholes,Road Surface Defects,Road Safety & Defects
Potholes,Potholes,Road Surface Defects,Road Safety & Defects
Road Marking,Road Markings,Road Safety,Road Safety & Defects
Parking within pay and display car parks,Parking,Parking,Abandoned Vehicles & Parking
Parking related road markings,Parking,Parking,Abandoned Vehicles & Parking
Pests in trees and shrubs,Overgrown Vegetation,Overgrown/Fallen Veg/Trees,Environmental Disruptions
Sign/Waymarking - Damaged/Missing,Street Signs,Road Safety,Road Safety & Defects
Surface cover,Flooding,Drainage,Environmental Health
Defective road markings or signs,Road Markings,Road Safety,Road Safety & Defects
Carparks,Parking,Parking,Abandoned Vehicles & Parking
SL Post Knockdown,Other,Other,Other
Veg Obstructed: Hway Vis,Overgrown Vegetation,Overgrown/Fallen Veg/Trees,Environmental Disruptions
Car parks (council run),Parking,Parking,Abandoned Vehicles & Parking
Street Light Fault,Street Lights,Street Lights,Road Safety & Defects
Ditch Problem Non Hazardous,Gullies,Drainage,Environmental Health
Tree Obstruction to 3rd Party,Fallen/Dangerous Trees,Overgrown/Fallen Veg/Trees,Environmental Disruptions
Traffic Lights - Temporary,Traffic Lights,,Road Safety & Defects
Watercourse Block/Obstruction,Obstruction,Right of Way,Access
Vegetation Or Weeds on a verge or open space,Overgrown Vegetation,Right of Way,Access
Obstructing The Verge,Overgrown Vegetation,Pavement /Footway Defects,Road Safety & Defects
C.C.T.V Faults,C.C.T.V Faults,Other,Environmental Disruptions
Vandalised tree,Other,Other,Other
Street light dim,Street Lights,Street Lights,Road Safety & Defects
Rubbish accumulation on private property,Accumulated Litter,Rubbish,Environmental Health
Other public drainage issue,Gullies,Drainage,Environmental Health
Traffic Management,Traffic Lights,Road Safety,Road Safety & Defects
Road Traffic Signs and Road Markings,Street Signs,Road Safety,Road Safety & Defects
Zebra crossing light,Road Markings,Road Safety,Road Safety & Defects
General (Traf. & Roadw.),Road Works,Grounds Maintenance,Road Safety & Defects
Other public road issue,Other,Other,Other
Bus shelter,Bus Stops Damage,Bus Stops Damage,Environmental Disruptions
Lamp/Bulb Failure,Street Lights,Street Lights,Road Safety & Defects
Veg Impeding FW/CW,Overgrown Vegetation,Overgrown/Fallen Veg/Trees,Environmental Disruptions
Signal Stuck,Street Signs,Road Safety,Road Safety & Defects
Blocked/Damaged,Blocked Drains,Drainage,Environmental Health
Sign (unlit),Road Markings,Road Safety,Road Safety & Defects
Manhole/drain cover on road/cycleway,Manhole Covers,Drainage,Environmental Health
1 signal light out,Street Lights,Street Lights,Road Safety & Defects
"Street lighting (parks, car parks and op",Street Lights,Street Lights,Road Safety & Defects
Highway Bridges - Damaged/Unsafe,Bridge/Culvert Defects,Bridge/Culvert Defects,Environmental Disruptions
Missed Food Waste Collection,Missed Bin Collection,Rubbish,Environmental Health
Timing of proposed works,Road Works,Grounds Maintenance,Road Safety & Defects
Litter,Litter/Litter Bin,Rubbish,Environmental Health
General Information Request,Other,Other,Other
Damaged Speed Humps,Road Surface Defects,Road Surface Defects,Road Safety & Defects
Signs,Street Signs,Road Safety,Road Safety & Defects
Road and Pavement Issues,Road Surface Defects,Road Surface Defects,Road Safety & Defects
Speeding Issues,Other,Other,Other
Tree is dead or dying,Fallen/Dangerous Trees,Overgrown/Fallen Veg/Trees,Environmental Disruptions
Damage to grass verges,Verge Damage,Road Safety,Road Safety & Defects
Damage - bus stop leaning,Bus Stops Damage,Bus Stops Damage,Environmental Disruptions
Pothole,Potholes,Road Surface Defects,Road Safety & Defects
Property damage,Property Damage,Property Damage,Environmental Disruptions
Traffic bollard,Street Furniture,Street Furniture,Road Safety & Defects
Trees and Woodland Maintenance,Fallen/Dangerous Trees,Overgrown/Fallen Veg/Trees,Environmental Disruptions
Kerbs,Broken Kerbs,Other,Environmental Disruptions
Pothole on road/cycleway,Potholes,Road Surface Defects,Road Safety & Defects
Tree blocking daylight,Fallen/Dangerous Trees,Overgrown/Fallen Veg/Trees,Environmental Disruptions
Bin bags,Litter/Litter Bin,Rubbish,Environmental Health
Standing water,Flooding,Drainage,Environmental Health
Bus stops,Bus Stops Damage,Bus Stops Damage,Environmental Disruptions
Gates/Stiles on a public right of way,Gates/Stiles RoW,Right of Way,Access
Park / open space,Open Spaces/Parks,Open Spaces/Parks,Public Space
Graffiti or flyposting (offensive),Graffiti,Incivilities,Incivilities
Overhanging Branches,Overgrown Vegetation,Overgrown/Fallen Veg/Trees,Environmental Disruptions
Tree or Shrub on a road or footway,Trees on RoW,Right of Way,Access
Lighting enquiry,Street Lights,Street Lights,Road Safety & Defects
Blocked - flooding private property,Blocked Drains,Drainage,Environmental Health
Overhanging branches,Overgrown Vegetation,Overgrown/Fallen Veg/Trees,Environmental Disruptions
Traffic sign light,Street Signs,Road Safety,Road Safety & Defects
Carriageway defect,Road Surface Defects,Road Surface Defects,Road Safety & Defects
Pedestrian Barriers - Damaged / Missing,Pavement /Footway Defects,Right of Way,Access
Icy Footpath,Ice & Snow,Gritting,Road Safety & Defects
Passage-Obstructed/Overgrown,Overgrown Vegetation,Overgrown/Fallen Veg/Trees,Environmental Disruptions
Grit bin issue,Grit Bins,Gritting,Road Safety & Defects
Bench Damaged Hazard,Street Furniture,Street Furniture,Road Safety & Defects
Subway Lighting,Street Lights,Street Lights,Road Safety & Defects
Abandoned vehicles,Abandoned Vehicles,Abandoned Vehicles,Abandoned Vehicles & Parking
Paved OS CP Surface Issue,Other,Other,Other
Bus Stops,Bus Stops Damage,Bus Stops Damage,Environmental Disruptions
Pavement and road repairs,Pavement /Footway Defects,Road Surface Defects,Road Safety & Defects
Dog Bins,Dog Litter Bin,Bin Replacement,Environmental Health
"Report ice, snow, and frost on roads and footpaths",Ice & Snow,Gritting,Road Safety & Defects
Abandoned Santander Cycle,Abandoned Vehicles,Abandoned Vehicles,Abandoned Vehicles & Parking
Quality/Speed of Service,Other,Other,Other
Other street defect,Road/Pavement Defects,Road Surface Defects,Road Safety & Defects
Demo,Demo,Other,Other
Gully,Gullies,Drainage,Environmental Health
Mud / Slippery surface,Road Surface Defects,Road Surface Defects,Road Safety & Defects
General (SL & Signals),Other,Other,Other
Pedestrian Barrier Issue,Pavement /Footway Defects,Right of Way,Access
Sport Area,Open Spaces/Parks,Open Spaces/Parks,Public Space
Utility Works and Manhole Covers,Utility Works,Utility Works,Environmental Disruptions
Hazardous or fallen trees,Fallen/Dangerous Trees,Overgrown/Fallen Veg/Trees,Environmental Disruptions
Car parks,Parking,Parking,Abandoned Vehicles & Parking
Rats,Pest Control,Environmental Health,Environmental Health
Request Timing Review,Street Signs,Road Safety,Road Safety & Defects
Contractor Enquiry/Complaints,Other,Other,Other
Trade Waste,Trade Waste,Rubbish,Environmental Health
Bus stop/shelter issue,Bus Stops Damage,Bus Stops Damage,Environmental Disruptions
Pothole on a road or footway,Potholes,Road Surface Defects,Road Safety & Defects
Discarded Syringes,Discarded Syringes,Rubbish,Environmental Health
Garage areas,Garden Waste,Rubbish,Environmental Health
Illuminated Sign,Street Lights,Street Lights,Road Safety & Defects
Noxious/Injurious Weed Hazard,Overgrown Vegetation,Overgrown/Fallen Veg/Trees,Environmental Disruptions
Road works problem,Road Works,Grounds Maintenance,Road Safety & Defects
Trip hazard/uneven surface,Trip Hazard,Rubbish,Environmental Health
Fly-Tipping,Fly-tipping,Rubbish,Environmental Health
Dead animal,Dead Animals,Environmental Health,Environmental Health
Dumped cylinder,Dumped Rubbish,Rubbish,Environmental Health
Light Out,Street Lights,Street Lights,Road Safety & Defects
Street furniture,Street Furniture,Street Furniture,Environmental Disruptions
Road Signage,Street Signs,Road Safety,Road Safety & Defects
Pavement defect,Pavement /Footway Defects,Pavement /Footway Defects,Road Safety & Defects
Lighting,Street Lights,Street Lights,Road Safety & Defects
Problem with tree stumps,Fallen/Dangerous Trees,Overgrown/Fallen Veg/Trees,Environmental Disruptions
Other,Other,Other,Other
Pavements & kerbs,Pavement /Footway Defects,Pavement /Footway Defects,Road Safety & Defects
Tree (dangerous),Fallen/Dangerous Trees,Overgrown/Fallen Veg/Trees,Environmental Disruptions
Fly-posting,Flyposting,Incivilities,Incivilities
Pavement Damaged/Cracked,Pavement /Footway Defects,Pavement /Footway Defects,Road Safety & Defects
Pavement,Pavement /Footway Defects,Right of Way,Access
Graffiti / Flyposting on stop or shelter (non-offensive),Graffiti,Incivilities,Incivilities
Tree Roots,Fallen/Dangerous Trees,Overgrown/Fallen Veg/Trees,Environmental Disruptions
Highway Schemes,General Highways Enquiries,Highways Enquiries,Road Safety & Defects
Surface Defect on a public right of way,Road Surface Defects,Road Surface Defects,Road Safety & Defects
Road Works,Road Works,Grounds Maintenance,Road Safety & Defects
Offensive Graffiti on Property,Graffiti,Incivilities,Incivilities
Public toilets,Public Toilets,Public Toilets,Access
Damage - lighting not working (bus shelter),Bus Stops Damage,Bus Stops Damage,Environmental Disruptions
Litter Bin overflow in Parks & Open spaces,Litter/Litter Bin,Rubbish,Environmental Health
"Damaged road edge, encroaches more than 100mm",Road Surface Defects,Road Surface Defects,Road Safety & Defects
Drainage,Blocked Drains,Drainage,Environmental Health
Highways,General Highways Enquiries,Highways Enquiries,Road Safety & Defects
Miscellaneous,Other,Other,Other
Bus shelters,Bus Stops Damage,Bus Stops Damage,Environmental Disruptions
Trunkroad or motorway defect,Highway Condition,Road Surface Defects,Road Safety & Defects
Park / Open space,Open Spaces/Parks,Open Spaces/Parks,Public Space
Damaged/missing paving slab,Road Surface Defects,Road Surface Defects,Road Safety & Defects
Sign or Marking,Sign or Marking,Road Safety,Road Safety & Defects
Tree Pruning Request,Overgrown Vegetation,Overgrown/Fallen Veg/Trees,Environmental Disruptions
Bridge or Structure,Bridge/Culvert Defects,Bridge/Culvert Defects,Environmental Disruptions
Bus Stop Sign Missing/Damaged,Bus Stops Damage,Bus Stops Damage,Environmental Disruptions
Dying or dangerous tree,Fallen/Dangerous Trees,Overgrown/Fallen Veg/Trees,Environmental Disruptions
Bin bags/ Cardboard boxes,Litter/Litter Bin,Rubbish,Environmental Health
Restricted Visibility / Overgrown / Overhanging,Overgrown Vegetation,Overgrown/Fallen Veg/Trees,Environmental Disruptions
Low hanging branches,Trees and Hedges RoW,Right of Way,Access
Traffic Lights (permanent only),Traffic Lights,Road Safety,Road Safety & Defects
Replacement Refuse and Recycling Bins,Missed Bin Collection,Rubbish,Environmental Health
Sign Or Marking,Sign or Marking,Road Safety,Road Safety & Defects
Obstruction on pavement/verge,Obstruction,Right of Way,Access
Flooding/drainage,Flooding,Drainage,Environmental Health
Overgrown vegetation,Overgrown Vegetation,Overgrown/Fallen Veg/Trees,Environmental Disruptions
Gully or manhole defect,Gully/Manhole Defects,Drainage,Environmental Health
Timetable Missing/Damaged,Bus Stops Damage,Bus Stops Damage,Environmental Disruptions
Fly Posting,Flyposting,Rubbish,Incivilities
Unsecured void properties,Other,Other,Other
General (Cleanliness),Other,Other,Other
Lights too bright/ dull,Street Lights,Street Lights,Road Safety & Defects
Disabled Parking Bays,Parking,Parking,Abandoned Vehicles & Parking
Litter Bin overflow,Litter/Litter Bin,Rubbish,Environmental Health
Street works and obstructions,Road Works,Grounds Maintenance,Road Safety & Defects
Tree Or Shrub,Fallen/Dangerous Trees,Overgrown/Fallen Veg/Trees,Environmental Disruptions
Faulty street light,Street Lights,Street Lights,Road Safety & Defects
Flytipping (off-road),Fly-tipping,Rubbish,Environmental Health
Spillage on network,Spillage on Road,Rubbish,Environmental Health
General Fault,General Highways Enquiries,Highways Enquiries,Road Safety & Defects
Zebra crossing,Zebra Crossing,Road Safety,Road Safety & Defects
Flooded underpass,Flooding,Drainage,Environmental Health
Fallen Branches,Fallen/Dangerous Trees,Overgrown/Fallen Veg/Trees,Environmental Disruptions
Graffiti On Council Property,Graffiti,Incivilities,Incivilities
Winter Maintenance,Road Works,Grounds Maintenance,Road Safety & Defects
Hedges / Trees on road or verge,Trees and Hedges RoW,Right of Way,Access
Problem with tree roots,Fallen/Dangerous Trees,Overgrown/Fallen Veg/Trees,Environmental Disruptions
Multiple potholes (various sizes),Potholes,Road Surface Defects,Road Safety & Defects
Street Light Leaning,Street Lights,Street Lights,Road Safety & Defects
Road Traffic Signs,Street Signs,Road Safety,Road Safety & Defects
Collapsed verge,Road Surface Defects,Road Surface Defects,Road Safety & Defects
Litter in Parks & Open spaces,Litter/Litter Bin,Rubbish,Environmental Health
Drainage Or Flooding on a public right of way,Blocked Drains,Drainage,Environmental Health
Flooding in the road,Flooding,Drainage,Environmental Health
Traffic Signals Damaged,Traffic Lights,Road Safety,Road Safety & Defects
Request new container,Bin Repair/Replacement,Bin Replacement,Environmental Health
Hedges,Overgrown Vegetation,,
Emergency - Leaning tree,Fallen/Dangerous Trees,Overgrown/Fallen Veg/Trees,Road Safety & Defects
Traffic Signal Timing (perm),Traffic Lights,Road Safety,Road Safety & Defects
Debris & spillage,Debris/Spillage,Rubbish,Environmental Health
Single pothole (less than 30cm wide and 4cm deep),Street Signs,Road Surface Defects,Road Safety & Defects
Shopping trolleys,Shopping Trolley,Incivilities,Incivilities
Single pothole (more than 30cm wide and 4cm deep),Potholes,Road Surface Defects,Road Safety & Defects
Tree obscuring streetlight,Fallen/Dangerous Trees,Overgrown/Fallen Veg/Trees,Environmental Disruptions
Skip problem,Skips,Rubbish,Environmental Health
Flooding of a road or pavement,Blocked Drains,Drainage,Environmental Health
Damaged pavement,Pavement /Footway Defects,Right of Way,Access
Tree causing damage to property,Fallen/Dangerous Trees,Overgrown/Fallen Veg/Trees,Environmental Disruptions
Parks and playing fields,Open Spaces/Parks,Open Spaces/Parks,Public Space
General (Gras/Hedge/Tree),Overgrown Vegetation,Overgrown/Fallen Veg/Trees,Environmental Disruptions
Noisy Column,Street Lights,Street Lights,Road Safety & Defects
Bench Damaged NonHazard,Street Furniture,Street Furniture,Road Safety & Defects
Rotten timber handrails or decking,Pavement /Footway Defects,Right of Way,Access
Skip Licence,Other,Other,Other
Fallen or leaning tree,Fallen/Dangerous Trees,Overgrown/Fallen Veg/Trees,Environmental Disruptions
Refuse Collection,Bin Collection,Rubbish,Environmental Health
Traffic Light Fault,Traffic Lights,Road Safety,Road Safety & Defects
"Structures (eg bridges, fencing, noise barriers)",Bridge/Culvert Defects,Bridge/Culvert Defects,Environmental Disruptions
"Damage to bins, benches, and infrastructure",Bin Repair/Replacement,Bin Replacement,Environmental Health
Grass verges,Grass/Weed Control,Overgrown/Fallen Veg/Trees,Environmental Disruptions
Damage to Property,Other,Other,Other
Bollards on a road or footway,Barriers/Bollards on RoW,Right of Way,Access
Highway Condition Enquiry,Highway Condition,Highways Enquiries,Road Safety & Defects
Street light wiring exposed,Street Lights,Street Lights,Road Safety & Defects
Street nameplate,Street Name Plates,Street Furniture,Environmental Disruptions
Parks/landscapes,Open Spaces/Parks,Open Spaces/Parks,Public Space
Damaged/ cracked drain or man hole cover,Manhole Defects,Drainage,Environmental Health
Light on during daylight hours,Street Lights,Street Lights,Road Safety & Defects
Dog bin overflowing,Dog Litter Bin,Bin Replacement,Environmental Health
Shrubs and Hedge,Fallen/Dangerous Trees,Overgrown/Fallen Veg/Trees,Environmental Disruptions
Stuck on red,Street Lights,Street Lights,Road Safety & Defects
Grids and Drains,Grids and Drains,Drainage,Environmental Health
Hedge Pruning,Overgrown Vegetation,Overgrown/Fallen Veg/Trees,Environmental Disruptions
Steps Damaged/Uneven,Pavement /Footway Defects,Right of Way,Access
Graffiti / Flyposting (non-offensive),Graffiti,Incivilities,Incivilities
Debris in the carriageway,Debris/Spillage,Rubbish,Environmental Health
Highways - Emergency,Highway Condition,Road Surface Defects,Road Safety & Defects
Trees/Hedges Overhanging Roads Or Footpaths,Overgrown Vegetation,Overgrown/Fallen Veg/Trees,Environmental Disruptions
Junction Markings,Road Safety,Road Safety,Road Safety & Defects
Damaged/missing cats eye,Road Surface Defects,Road Surface Defects,Road Safety & Defects
Pedestrian barrier/ railing damaged,Pavement /Footway Defects,Right of Way,Access
Hoardings blocking carriageway or footway,General Highways Enquiries,Highways Enquiries,Road Safety & Defects
Overgrown tree/hedges,Overgrown Vegetation,Overgrown/Fallen Veg/Trees,Environmental Disruptions
Trees overhanging highways,Overgrown Vegetation,Right of Way,Access
Illum. Sign Minor Damage,Street Signs,Road Safety,Road Safety & Defects
Ditch issue,Bridge/Culvert Defects,Bridge/Culvert Defects,Environmental Disruptions
Overhanging vegetation from private land,Overgrown Vegetation,Overgrown/Fallen Veg/Trees,Environmental Disruptions
"Street lighting (parks, car parks, open",Street Lights,Street Lights,Road Safety & Defects
Car parks (only council run ones),Parking,Parking,Abandoned Vehicles & Parking
Request for tree to be planted,Open Spaces/Parks,Open Spaces/Parks,Environmental Disruptions
Grass needs cutting,Grass/Weed Control,Overgrown/Fallen Veg/Trees,Environmental Disruptions
Bollard - lit,Barriers/Bollards on RoW,Street Furniture,Road Safety & Defects
Signals stuck on red,Road Markings,Road Safety,Road Safety & Defects
"Bridge, Subway or Culvert on a road or footway",Bridge/Culvert Defects,Bridge/Culvert Defects,Environmental Disruptions
Vegetation Or Weeds on a public right of way,Overgrown Vegetation,Right of Way,Access
Crash barriers,Street Furniture,,
Bin not returned,Bin Repair/Replacement,Bin Replacement,Environmental Health
TPO enquiry,Other,Other,Other
Ice & snow,Ice & Snow,Gritting,Road Safety & Defects
Damaged/missing pedestrian guardrail,Street Furniture,Road Safety,Road Safety & Defects
unlit bollard knockdown/ missing (non hazardous),Street Furniture,Street Furniture,Road Safety & Defects
Graffiti / Flyposting on traffic light (offensive),Graffiti,Incivilities,Incivilities
Mud or Debris on the road,Debris/Spillage,Rubbish,Environmental Health
Japanese knotweed / ragwort,Grass/Weed Control,Overgrown/Fallen Veg/Trees,Environmental Disruptions
Unauthorised Attachment,Other,Other,Other
Temporary,Traffic Lights,Road Safety,Road Safety & Defects
Tree or Shrub on a verge or open space,Fallen/Dangerous Trees,Open Spaces/Parks,Public Space
Sign Twisted/Misaligned,Street Signs,Road Safety,Road Safety & Defects
Culvert,Bridge/Culvert Defects,Bridge/Culvert Defects,Environmental Disruptions
Manhole covers,Manhole Covers,Drainage,Environmental Health
Noise report,Noise,Incivilities,Incivilities
Entertainment,Other,Other,Other
Overgrown Weeds,Overgrown Vegetation,Overgrown/Fallen Veg/Trees,Environmental Disruptions
Pedestrian Barrier Corroded,Pavement /Footway Defects,Right of Way,Access
Sign or road marking missing following works,Street Signs,Road Safety,Road Safety & Defects
Sponsor a tree,Other,Other,Other
Road or pavement defect,Road/Pavement Defects,Road Surface Defects,Road Safety & Defects
"Fly Tipping on a road, footway, verge or",Fly-tipping,Rubbish,Environmental Health
Cats Eyes,Road Markings,Road Safety,Road Safety & Defects
Waste spillage,Spillage on Road,Rubbish,Environmental Health
Bollard Out Of Light,Street Furniture,Street Furniture,Road Safety & Defects
Stile-Damaged/Missing,Gates/Stiles RoW,Right of Way,Access
Damage Public Litter Bin,Bin Repair/Replacement,Bin Replacement,Environmental Health
Overgrown trees,Overgrown Vegetation,Overgrown/Fallen Veg/Trees,Environmental Disruptions
Blocked rainwater gulleys,Blocked Drains,Drainage,Environmental Health
Footway / carriageway,Right of Way,Right of Way,Access
Bollard,Street Furniture,Street Furniture,Road Safety & Defects
Safety fence or barrier,Street Signs,Road Safety,Road Safety & Defects
Traffic signal faulty,Street Signs,Road Safety,Road Safety & Defects
Street washing,Street Signs,Road Safety,Road Safety & Defects
Obstructing The Road,Overgrown Vegetation,Pavement /Footway Defects,Road Safety & Defects
Refuse collection,Bin Collection,Rubbish,Environmental Health
Column Damaged,Street Furniture,Street Furniture,Road Safety & Defects
General (Roads & Pav.),Road/Pavement Defects,Road Surface Defects,Road Safety & Defects
Pedestrian railing,Pavement /Footway Defects,Right of Way,Access
Works crew - way of working,Road Works,Grounds Maintenance,Road Safety & Defects
Blocked Drain,Blocked Drains,Drainage,Environmental Health
Flyposting (on road or roadside),Flyposting,Incivilities,Incivilities
"Street lighting (parks, car parks, open spaces and footpaths)",Street Lights,Street Lights,Road Safety & Defects
Missed published Gritted Route,Gritting,Gritting,Road Safety & Defects
Lit Bollards,Street Furniture,,
Road markings and lining,Road Markings,Road Safety,Road Safety & Defects
Public Right of Way (including Cycleway),Right of Way,Right of Way,Access
Alcohol,Other,Other,Other
Lit Bollards (Electrical),Barriers/Bollards on RoW,Road Safety,Road Safety & Defects
Missed Cut,Overgrown Vegetation,Overgrown/Fallen Veg/Trees,Environmental Disruptions
Parks repairs,Open Spaces/Parks,Open Spaces/Parks,Environmental Disruptions
Dog Waste Bin,Dog Litter Bin,Bin Replacement,Environmental Health
General (Ironworks),Other,Other,Other
Trees on and near highways and footpaths,Overgrown Vegetation,Right of Way,Access
Flashing signs,Street Furniture,,
Iluminated Bollard,Street Lights,Street Lights,Road Safety & Defects
Litter in the street,Litter/Litter Bin,Rubbish,Environmental Health
Drainage or Flooding on a public right of way,Blocked Drains,Drainage,Environmental Health
Council Estate Services,Other,Other,Other
Gully Catch Soakwy: Non Func,Gullies,Drainage,Environmental Health
General (CP & ABV),Other,Other,Other
Parks,Open Spaces/Parks,Open Spaces/Parks,Public Space
Trees (along Public Rights of Way),Trees on RoW,Right of Way,Access
Needles,Environmental Health,Environmental Health,Environmental Health
Problem with a light not shown on map,Street Lights,Street Lights,Road Safety & Defects
Bin Damaged NonHazard,Bin Repair/Replacement,Bin Replacement,Environmental Health
Tree Requires Pruning,Overgrown Vegetation,Overgrown/Fallen Veg/Trees,Environmental Disruptions
Tree is considered to be causing damage,Fallen/Dangerous Trees,Overgrown/Fallen Veg/Trees,Environmental Disruptions
Footway,Pavement /Footway Defects,Pavement /Footway Defects,Road Safety & Defects
Dog Bin overflow,Dog Litter Bin,Bin Replacement,Environmental Health
Hedge problem,Fallen/Dangerous Trees,Overgrown/Fallen Veg/Trees,Environmental Disruptions
Damaged road,Road Surface Defects,Road Surface Defects,Road Safety & Defects
Tree obstructing street light,Fallen/Dangerous Trees,Overgrown/Fallen Veg/Trees,Environmental Disruptions
Dead Animal,Dead Animals,Environmental Health,Environmental Health
"Public rights of way, alleyways and bridlepaths",Pavement /Footway Defects,Right of Way,Access
Pavements,Pavement /Footway Defects,Pavement /Footway Defects,Road Safety & Defects
Oil spillage,Spillage on Road,Rubbish,Environmental Health
2 signal lights out,Street Lights,Street Lights,Road Safety & Defects
Enquiry regarding newly planted tree,Fallen/Dangerous Trees,Overgrown/Fallen Veg/Trees,Road Safety & Defects
Other street furniture,Street Furniture,Street Furniture,Road Safety & Defects
Road lighting,Street Lights,Street Lights,Road Safety & Defects
Broken / Missing,Manhole Covers,Drainage,Environmental Health
Grass,Grass/Weed Control,Overgrown/Fallen Veg/Trees,Environmental Disruptions
Growth at the bottom of trees/regrowth,Overgrown Vegetation,Overgrown/Fallen Veg/Trees,Environmental Disruptions
Vegetation on a public right of way,Overgrown Vegetation,Right of Way,Access
Single light out/flickering,Street Lights,Street Lights,Road Safety & Defects
Fallen tree,Fallen/Dangerous Trees,Overgrown/Fallen Veg/Trees,Environmental Disruptions
Blocked drains and gullies,Blocked Drains,Drainage,Environmental Health
"Vandalism/disturbance (example, cones moved from works)",Other,Other,Other
Unlit Bollard Issue Hazardous,Street Furniture,Street Furniture,Road Safety & Defects
Untaxed vehicle,Untaxed Vehcile,Other,Abandoned Vehicles & Parking
Surface water on Highway,Flooding,Drainage,Environmental Health
Obstruction on road or pavement,Obstruction,Right of Way,Access
Skips,Skips,Rubbish,Environmental Health
Highway Improvements on a road or footwa,Highway Condition,Grounds Maintenance,Road Safety & Defects
Bollards,Barriers/Bollards on RoW,Right of Way,Access
Slabs - Missing,Pavement /Footway Defects,Right of Way,Access
Parking enforcement,Parking,Parking,Abandoned Vehicles & Parking
Salt Bin Request,Salt Bins,Gritting,Road Safety & Defects
Street Lighting and Road Signs,Street Lights,Street Lights,Road Safety & Defects
Household bins left out,Accumulated Litter,Rubbish,Environmental Health
Full bin,Litter/Litter Bin,Rubbish,Environmental Health
"Bridge, Subway or Culvert in an open space",Bridge/Culvert Defects,Bridge/Culvert Defects,Environmental Disruptions
General Enquiry,Other,Other,Other
Parks and Greenspace,Open Spaces/Parks,Open Spaces/Parks,Public Space
Tree Or Shrub on a road or footway,Trees on RoW,Right of Way,Access
Bin Damaged Hazard,Bin Repair/Replacement,Bin Replacement,Environmental Health
Damaged equipment,Open Spaces/Parks,Open Spaces/Parks,Public Space
Weeds on roads or footpaths,Grass/Weed Control,Overgrown/Fallen Veg/Trees,Environmental Disruptions
Blocked drain,Blocked Drains,Drainage,Environmental Health
Icy Road,Ice & Snow,Gritting,Road Safety & Defects
Damage to road,Road Surface Defects,Road Surface Defects,Road Safety & Defects
Kerb damage / issue,Broken Kerbs,Other,Environmental Disruptions
Tree,Fallen/Dangerous Trees,Overgrown/Fallen Veg/Trees,Environmental Disruptions
Road signs,Street Signs,Road Safety,Road Safety & Defects
Bollards (unlit),Street Signs,Road Safety,Road Safety & Defects
Diseased Tree,Fallen/Dangerous Trees,Overgrown/Fallen Veg/Trees,Environmental Disruptions
Damaged bollards/posts,Street Furniture,Street Furniture,Road Safety & Defects
Highway Tree Removal,Fallen/Dangerous Trees,Overgrown/Fallen Veg/Trees,Environmental Disruptions
Highways Maintenance,Highway Condition,Grounds Maintenance,Road Safety & Defects
Trees overhanging/obstructing the road or footpath,Overgrown Vegetation,Overgrown/Fallen Veg/Trees,Environmental Disruptions
Obstruction,Obstruction,Right of Way,Access
Bus Stop Pole Leaning/Damaged,Bus Stops Damage,Bus Stops Damage,Environmental Disruptions
Tree (fallen branches),Fallen/Dangerous Trees,Overgrown/Fallen Veg/Trees,Environmental Disruptions
Trees,Fallen/Dangerous Trees,Overgrown/Fallen Veg/Trees,Environmental Disruptions
Drains/Ditches Blocked,Bridge/Culvert Defects,Bridge/Culvert Defects,Environmental Disruptions
Street Cleaning Enquiry,Street Cleaning,Street Furniture,Environmental Health
"Damaged, dirty, or missing bin",Bin Repair/Replacement,Bin Replacement,Environmental Health
Salt bins,Grit Bins,Gritting,Road Safety & Defects
Missing Drain Cover,Grids and Drains,Drainage,Environmental Health
Vandalism,Other,Other,Other
Utility equipment,Utility Works,Utility Works,Environmental Disruptions
Manhole Cover,Manhole Covers,Drainage,Environmental Health
Abandoned and Untaxed Vehicles,Abandoned Vehicles,Abandoned Vehicles,Abandoned Vehicles & Parking
Blocked drain / Flooding,Blocked Drains,Drainage,Environmental Health
Flooded subway,Flooding,Drainage,Environmental Health
Low hanging branches and general maintenance,Trees and Hedges RoW,Right of Way,Access
Zebra Crossing Light,Road Markings,Road Safety,Road Safety & Defects
Leaning Tree,Fallen/Dangerous Trees,Overgrown/Fallen Veg/Trees,Environmental Disruptions
Street Nameplates,Street Name Plates,Street Furniture,Environmental Disruptions
Leafing,Leafing,Rubbish,Environmental Disruptions
Litter Bin on a verge or open space,Litter/Litter Bin,Rubbish,Environmental Health
Light on during the day,Street Lights,Street Lights,Road Safety & Defects
Enforcement,Parking,Parking,Abandoned Vehicles & Parking
Illegal Street Trading,Other,Other,Other
Verge cutting required,Grass/Weed Control,Overgrown/Fallen Veg/Trees,Environmental Disruptions
Tree/branch/hedge - overgrown,Overgrown Vegetation,Overgrown/Fallen Veg/Trees,Environmental Disruptions
Directional Signs,Street Signs,Street Furniture,Public Space
Attachment Distract/Obstruct,Street Signs,Road Safety,Road Safety & Defects
Play area safety issue,Open Spaces/Parks,Open Spaces/Parks,Public Space
Not coming on/ faulty,Street Lights,Street Lights,Road Safety & Defects
Exposed cables/wires,Environmental Health,Environmental Health,Environmental Health
Missing Kerb Stones,Broken Kerbs,Other,Environmental Disruptions
Road defect,Road Surface Defects,Road Surface Defects,Road Safety & Defects
General (H-way Emerg.),Highway Condition,Road Surface Defects,Road Safety & Defects
Uneven footway,Pavement /Footway Defects,Right of Way,Access
Vehicle Access,Vehicle Access,Right of Way,Access
Play Area Issues on a verge or open spac,Open Spaces/Parks,Open Spaces/Parks,Public Space
Lit Signs,Street Furniture,,
Pavement Jetting,Pavement /Footway Defects,Road Surface Defects,Road Safety & Defects
Tree/branch - may fall,Fallen/Dangerous Trees,Overgrown/Fallen Veg/Trees,Environmental Disruptions
Traffic Lights,Traffic Lights,Road Safety,Road Safety & Defects
Traffic Signals,Traffic Lights,Road Safety,Road Safety & Defects
Retaining Wall,Retaining Wall,Retaining Wall,Environmental Disruptions
Trees and plants,Fallen/Dangerous Trees,Overgrown/Fallen Veg/Trees,Environmental Disruptions
"Fly Tipping on a road, footway, verge or open space",Fly-tipping,Rubbish,Environmental Health
Gully and Catchpits,Gullies,Drainage,Environmental Health
Trees & hedges,Fallen/Dangerous Trees,Overgrown/Fallen Veg/Trees,Environmental Disruptions
Street Works (Utilities),Grounds Maintenance,Grounds Maintenance,Road Safety & Defects
Unstable scaffolding,Other,Other,Other
Car Parks and ticket machines,Parking,Parking,Abandoned Vehicles & Parking
General (Lines & Signs),Other,Other,Other
Works notification letter/leaflet,Road Works,Grounds Maintenance,Road Safety & Defects
Streetlight Obscured by Veg,Street Lights,Street Lights,Road Safety & Defects
Street light intermittent,Street Lights,Street Lights,Road Safety & Defects
Carriageway,Road Surface Defects,Road Surface Defects,Road Safety & Defects
Blocked Ditch,Blocked Drains,Drainage,Environmental Health
Flooding from a blocked drain,Flooding,Drainage,Environmental Health
Obstruction (Not Vegetation),Obstruction,Right of Way,Access
Parking queries/reports,Parking,Parking,Abandoned Vehicles & Parking
Damage to paintwork/ column,Street Furniture,Street Furniture,Road Safety & Defects
Warning Signs,Street Signs,Street Furniture,Other
"Public rights of way, alleyways and brid",Right of Way,Right of Way,Access
Traffic lights & crossings problems with timings,Traffic Lights,Road Safety,Road Safety & Defects
Hedge/Tree Maintenance,Overgrown Vegetation,Overgrown/Fallen Veg/Trees,Environmental Disruptions
Drains,Blocked Drains,Drainage,Environmental Health
Rubbish,Rubbish,Rubbish,Environmental Health
Flytipping and dumped rubbish,Fly-tipping,Rubbish,Environmental Health
Request gritting action,Gritting,Gritting,Road Safety & Defects
Dropped kerb - Apply for new / extend crossover,Pavement /Footway Defects,Road Safety,Road Safety & Defects
Pothole on pavement/verge,Potholes,Road Surface Defects,Road Safety & Defects
Bin Request,Bin Repair/Replacement,Bin Replacement,Environmental Health
Leaves/ leaf fall,Leafing,Rubbish,Environmental Disruptions
Mud and Debris,Debris/Spillage,Rubbish,Environmental Health
Other water on the Highway,Flooding,Drainage,Environmental Health
Fly tipping,Fly-tipping,Rubbish,Environmental Health
Worn out road markings,Road Markings,Road Safety,Road Safety & Defects
Unauthorised skip,Other,Other,Other
Long Grass Hazardous,Overgrown Vegetation,Overgrown/Fallen Veg/Trees,Environmental Disruptions
Pothole In CW/FW,Potholes,Road Surface Defects,Road Safety & Defects
Rubbish (refuse and recycling),Rubbish,Rubbish,Environmental Health
Traffic lights & signals,Traffic Lights,Road Safety,Road Safety & Defects
Crossings and Beacons,Pavement /Footway Defects,,
Manhole/drain cover on pavement/verge,Manhole Covers,Drainage,Environmental Health
Tree blocking TV/Satellite or radio signal,Fallen/Dangerous Trees,Overgrown/Fallen Veg/Trees,Environmental Disruptions
Weed control,Grass/Weed Control,Overgrown/Fallen Veg/Trees,Environmental Disruptions
Parks and open spaces,Open Spaces/Parks,Open Spaces/Parks,Public Space
Ironwork Corroded/Damaged,Manhole Covers,Drainage,Environmental Health
Access Arrangements,Vehicle Access,Right of Way,Access
White Bar Marking,Road Markings,Road Safety,Road Safety & Defects
Dog Mess,Dog Fouling,Dog Fouling,Environmental Health
Garden Waste,Garden Waste,Rubbish,Environmental Health
Gully Catch Soakwy: Bad Smell,Gullies,Drainage,Environmental Health
General (Winter),Ice & Snow,Gritting,Road Safety & Defects
Wires exposed/Door off,Other,Other,Other
Pest Control,Pest Control,Environmental Health,Environmental Health
Road or pavement damage,Road/Pavement Defects,Road Surface Defects,Road Safety & Defects
Bridges/Subways,Bridge/Culvert Defects,Bridge/Culvert Defects,Environmental Disruptions
Fly Tipping,Fly-tipping,Rubbish,Environmental Health
Tree matters / Preservation Orders,Fallen/Dangerous Trees,Overgrown/Fallen Veg/Trees,Environmental Disruptions
All out,Street Lights,Street Lights,Road Safety & Defects
Oil Spillage,Spillage on Road,Rubbish,Environmental Health
Street Cleansing,Street Cleaning,Street Furniture,Environmental Health
Trees overhanging roads/paths,Overgrown Vegetation,Right of Way,Access
Overhanging Foliage,Overgrown Vegetation,Overgrown/Fallen Veg/Trees,Environmental Disruptions
Safety fences and barriers,Street Signs,Road Safety,Road Safety & Defects
Debris/spillage,Debris/Spillage,Rubbish,Environmental Health
Poop Scoop Bins,Dog Fouling,Dog Fouling,Environmental Health
Graffiti/Flyposting: Offensive,Graffiti,Incivilities,Incivilities
Council car parks,Parking,Parking,Abandoned Vehicles & Parking
Traffic signal obstructed by vegetation,Traffic Lights,Road Safety,Road Safety & Defects
Traffic Lights - Permanent,Traffic Lights,,Road Safety & Defects
Flooding on a road or footway,Flooding,Drainage,Environmental Health
Helpfulness of staff,Other,Other,Other
Pavements/footpaths,Pavement /Footway Defects,Pavement /Footway Defects,Road Safety & Defects
Fly-Posting,Flyposting,Incivilities,Incivilities
Blocked Ditch Causing Flooding,Blocked Drains,Drainage,Environmental Health
Graffiti / Flyposting on traffic light (non-offensive),Graffiti,Incivilities,Incivilities
Private property,Other,Other,Other
lit bollard knocked down,Barriers/Bollards on RoW,Road Safety,Road Safety & Defects
Car parking,Parking,Parking,Abandoned Vehicles & Parking
Short Grass,Grass/Weed Control,Overgrown/Fallen Veg/Trees,Environmental Disruptions
Street Name Plate,Street Name Plates,Street Furniture,Environmental Disruptions
Leaves,Leafing,Rubbish,Environmental Disruptions
Abandoned Vehicle,Abandoned Vehicles,Abandoned Vehicles,Abandoned Vehicles & Parking
Street Lights (Electrical),Street Lights,Street Lights,Road Safety & Defects
Loose/missing/chipped kerbstone,Broken Kerbs,Other,Environmental Disruptions
Soft Verge Damaged/Overrun,Verge Damage,Road Safety,Road Safety & Defects
Vegetation or Weeds on a public right of,Overgrown Vegetation,Right of Way,Access
Gate - Damaged/ Missing,Gates/Stiles RoW,Right of Way,Access
Gullies,Gullies,Drainage,Environmental Health
Gulley covers,Gullies,Drainage,Environmental Health
Grit bin refills,Grit Bins,Gritting,Road Safety & Defects
Crash Barriers - Damaged / Missing,Street Furniture,Road Safety,Road Safety & Defects
Temporary Traffic Lights,Traffic Lights,Road Safety,Road Safety & Defects
Veg Obstructed: Traffic Signal,Overgrown Vegetation,Overgrown/Fallen Veg/Trees,Environmental Disruptions
Traffic lights problem at temporary roadworks,Traffic Lights,Road Safety,Road Safety & Defects
Illegal advertising,Flyposting,Incivilities,Incivilities
Tree blocking solar panels,Fallen/Dangerous Trees,Overgrown/Fallen Veg/Trees,Environmental Disruptions
General Highways Enquiry,General Highways Enquiries,Highways Enquiries,Road Safety & Defects
Bin Repair,Bin Repair/Replacement,Bin Replacement,Environmental Health
Missing/ damaged traffic sign,Street Signs,Road Safety,Road Safety & Defects
Bollard light not working,Street Signs,Road Safety,Road Safety & Defects
Roadside safety barrier,Road Surface Defects,Road Surface Defects,Road Safety & Defects
Damaged cables,Road Works,Grounds Maintenance,Road Safety & Defects
To let signs,To Let Signs,Other,Other
Graffiti,Graffiti,Incivilities,Incivilities
Business bins left out,Trade Waste,Rubbish,Environmental Health
Flytipping (TfL),Fly-tipping,Rubbish,Environmental Health
Shelter Damaged,Bus Stops Damage,Bus Stops Damage,Environmental Disruptions
Emergency - Fallen tree,Fallen/Dangerous Trees,Overgrown/Fallen Veg/Trees,Road Safety & Defects
Pavement damage,Pavement /Footway Defects,Pavement /Footway Defects,Road Safety & Defects
Vegetation or Weeds on a public right of way,Overgrown Vegetation,Right of Way,Access
Crash Barriers Damaged/Missing,Street Furniture,Road Safety,Road Safety & Defects
Street light,Street Lights,Street Lights,Road Safety & Defects
Lights out in Pedestrian Subway,Street Lights,Street Lights,Road Safety & Defects
Footway Defect,Pavement /Footway Defects,Right of Way,Access
Damage - wires exposed,Bus Stops Damage,Bus Stops Damage,Environmental Disruptions
Signal Failure,Street Signs,Road Safety,Road Safety & Defects
Removal Of Carcass,Dead Animals,Environmental Health,Environmental Health
Off Street Parking,Parking,Parking,Abandoned Vehicles & Parking
Media Enquiry,Other,Other,Other
Carriageway Flood Hazardous,Road Surface Defects,Road Surface Defects,Road Safety & Defects
"Benches, tables, planters",Street Furniture,,
Unlit sign knocked down,Street Furniture,Street Furniture,Road Safety & Defects
Intermittent,Street Lights,Street Lights,Road Safety & Defects
Street nameplaces,Street Name Plates,Street Furniture,Environmental Disruptions
Grass/Weeds,Grass/Weed Control,Overgrown/Fallen Veg/Trees,Environmental Disruptions
Crash Barriers,Street Furniture,Road Safety,Road Safety & Defects
Vehicle Idling,Other,Other,Other
Obstruction on Highways / Sight Lines,Obstruction,Right of Way,Access
Graffiti on council buildings,Graffiti,Incivilities,Incivilities
Spill - Oil/Diesel,Spillage on Road,Rubbish,Environmental Health
Spillages,Spillage on Road,Rubbish,Environmental Health
Sign issue,Street Signs,Street Furniture,Road Safety & Defects
Street Nameplate Dam./Miss.,Street Name Plates,Street Furniture,Environmental Disruptions
Road Sign,Street Signs,Road Safety,Road Safety & Defects
Missing safety fence,Pavement /Footway Defects,Road Surface Defects,Road Safety & Defects
Litter or flytipping in a woodland,Litter/Litter Bin,Rubbish,Environmental Health
Failure to deliver bin,Other,Other,Other
Damaged bench,Street Furniture,Street Furniture,Public Space
Bollards (lit),Street Signs,Road Safety,Road Safety & Defects
